Method,Name,Error,Occurrences
POST,dds/arrived,CatchResponseError('Unexpected HTTP 500'),1
POST,dds/responding,CatchResponseError('Unexpected HTTP 500'),1
POST,dds/assigned,CatchResponseError('Unexpected HTTP 409'),1
POST,lesson/resume,CatchResponseError('Unexpected HTTP 500'),1
POST,lesson/start,CatchResponseError('Unexpected HTTP 500'),1
POST,dds/responding,CatchResponseError('Unexpected HTTP 409'),2
POST,lesson/presence,CatchResponseError('Unexpected HTTP 500'),9
GET,operator_112/journal,CatchResponseError('Unexpected HTTP 500'),3
PUT,112/save,CatchResponseError('Unexpected HTTP 500'),1
POST,operator_112/open,CatchResponseError('Unexpected HTTP 500'),1
POST,dds/accepted,CatchResponseError('Unexpected HTTP 409'),3
POST,operator_112/submit,CatchResponseError('Unexpected HTTP 500'),1
POST,dds/in_progress,CatchResponseError('Unexpected HTTP 409'),2
POST,dds/assigned,CatchResponseError('Unexpected HTTP 500'),3
GET,student/dashboard,CatchResponseError('Unexpected HTTP 500'),1
POST,dds/arrived,CatchResponseError('Unexpected HTTP 409'),1
POST,lesson/presence,CatchResponseError('Unexpected HTTP 409'),3
PUT,112/save,CatchResponseError('Unexpected HTTP 409'),3
GET,dds/journal,CatchResponseError('Unexpected HTTP 500'),1
POST,112/routing,CatchResponseError('Unexpected HTTP 500'),2
