Type,Name,Request Count,Failure Count,Median Response Time,Average Response Time,Min Response Time,Max Response Time,Average Content Size,Requests/s,Failures/s,50%,66%,75%,80%,90%,95%,98%,99%,99.9%,99.99%,100%
POST,112/audit,4,0,56,88.75415597867686,53.711083019152284,182.83916695509106,14.0,0.10221767085172483,0.0,63,63,180,180,180,180,180,180,180,180,180
GET,112/classifier,5,0,96,120.20359181333333,86.19400003226474,228.24345901608467,293.0,0.12777208856465605,0.0,96,100,100,230,230,230,230,230,230,230,230
POST,112/routing,4,0,100,218.74181274324656,91.34045796236023,501.46150100044906,135.0,0.10221767085172483,0.0,180,180,500,500,500,500,500,500,500,500,500
PUT,112/save,5,0,67,85.33564159879461,58.69587499182671,123.2713750214316,1687.0,0.12777208856465605,0.0,67,120,120,120,120,120,120,120,120,120,120
POST,auth/login,4,0,110.0,107.79426024237182,78.17212503869087,122.28429195238277,554.0,0.10221767085172483,0.0,120,120,120,120,120,120,120,120,120,120,120
POST,dds/accepted,2,0,101.49887501029298,275.2551670128014,101.49887501029298,449.0114590153098,5771.0,0.05110883542586241,0.0,450,450,450,450,450,450,450,450,450,450,450
POST,dds/arrived,2,0,72,85.90122850728221,71.94154098397121,99.86091603059322,7365.0,0.05110883542586241,0.0,100,100,100,100,100,100,100,100,100,100,100
POST,dds/assigned,3,0,77,102.14063866684835,76.34412497282028,153.45579100539908,4951.666666666667,0.07666325313879362,0.0,77,77,150,150,150,150,150,150,150,150,150
POST,dds/completed,2,0,93.21204200387001,168.82104150136,93.21204200387001,244.43004099885002,8932.0,0.05110883542586241,0.0,240,240,240,240,240,240,240,240,240,240,240
POST,dds/in_progress,2,0,72.39970896625891,85.01820848323405,72.39970896625891,97.63670800020918,8167.0,0.05110883542586241,0.0,98,98,98,98,98,98,98,98,98,98,98
GET,dds/journal,3,0,130.0,120.48519464830558,63.16949997562915,169.77954196045175,21544.666666666668,0.07666325313879362,0.0,130,130,170,170,170,170,170,170,170,170,170
POST,dds/open,3,0,66,64.20415265408035,59.01158397318795,67.87158298538998,3652.0,0.07666325313879362,0.0,66,66,68,68,68,68,68,68,68,68,68
POST,dds/responding,2,0,72.1595420036465,73.13272950705141,72.1595420036465,74.10591701045632,6569.0,0.05110883542586241,0.0,74,74,74,74,74,74,74,74,74,74,74
POST,dds/submit,2,0,120.0,142.47933350270614,116.76145897945389,168.1972080259584,8955.0,0.05110883542586241,0.0,170,170,170,170,170,170,170,170,170,170,170
POST,lesson/leave,2,0,55,55.73491650284268,54.653708008117974,56.816124997567385,0.0,0.05110883542586241,0.0,57,57,57,57,57,57,57,57,57,57,57
POST,lesson/presence,4,0,91,96.8667915003607,75.04479197086766,116.49658298119903,0.0,0.10221767085172483,0.0,110,110,120,120,120,120,120,120,120,120,120
POST,lesson/resume,2,0,58,58.200103987473994,57.933916978072375,58.466290996875614,16924.5,0.05110883542586241,0.0,58,58,58,58,58,58,58,58,58,58,58
POST,lesson/start,2,0,74,75.70170849794522,73.92129203071818,77.48212496517226,16823.0,0.05110883542586241,0.0,77,77,77,77,77,77,77,77,77,77,77
GET,operator_112/journal,5,0,93,115.52986678434536,69.01529198512435,230.83862499333918,12762.4,0.12777208856465605,0.0,93,94,94,230,230,230,230,230,230,230,230
POST,operator_112/open,5,0,60,61.61310819443315,56.6953340312466,73.28558299923316,1138.0,0.12777208856465605,0.0,60,61,61,73,73,73,73,73,73,73,73
POST,operator_112/submit,4,0,170.0,187.0055837498512,137.468250002712,278.2224169932306,1763.0,0.10221767085172483,0.0,170,170,280,280,280,280,280,280,280,280,280
GET,setup/target-guard,4,0,16,15.06281275942456,8.854167012032121,19.455667003057897,219836.0,0.10221767085172483,0.0,16,16,19,19,19,19,19,19,19,19,19
GET,student/dashboard,2,0,13,52.16566700255498,12.660500011406839,91.67083399370313,3015.0,0.05110883542586241,0.0,92,92,92,92,92,92,92,92,92,92,92
GET,teacher/cards,30,0,6,7.594052733232577,3.400125016923994,43.648165999911726,1362.0,0.7666325313879362,0.0,7,8,8,8,10,12,44,44,44,44,44
GET,teacher/lessons,30,0,35,41.26048746984452,13.399040966760367,157.44112501852214,19125.0,0.7666325313879362,0.0,39,41,45,58,75,93,160,160,160,160,160
GET,teacher/report.xlsx,4,0,570.0,581.7772607406368,505.5389999761246,637.9251669859514,243220.0,0.10221767085172483,0.0,610,610,640,640,640,640,640,640,640,640,640
,Aggregated,137,0,59,84.44064325418486,3.400125016923994,637.9251669859514,20522.5401459854,3.5009552266715755,0.0,59,77,94,110,170,280,570,610,640,640,640
